prompt,left_0,left_1,left_2,left_3,right_0,right_1,right_2,right_3,gt
princess peach in the mushroom kingdom,https://storage.yandexcloud.net/diffusion/867c46a9c7884e7daa20c417905a4f4a_0.png,https://storage.yandexcloud.net/diffusion/867c46a9c7884e7daa20c417905a4f4a_1.png,https://storage.yandexcloud.net/diffusion/867c46a9c7884e7daa20c417905a4f4a_2.png,https://storage.yandexcloud.net/diffusion/867c46a9c7884e7daa20c417905a4f4a_3.png,https://storage.yandexcloud.net/diffusion/a877d623ca3b42a4825354f1ff74728d_0.png,https://storage.yandexcloud.net/diffusion/a877d623ca3b42a4825354f1ff74728d_1.png,https://storage.yandexcloud.net/diffusion/a877d623ca3b42a4825354f1ff74728d_2.png,https://storage.yandexcloud.net/diffusion/a877d623ca3b42a4825354f1ff74728d_3.png,left
A Photograph of Cumulus Clouds emerging from a teacup,https://storage.yandexcloud.net/diffusion/f6f72346522c4e9abbbaad8631800a91_0.png,https://storage.yandexcloud.net/diffusion/f6f72346522c4e9abbbaad8631800a91_1.png,https://storage.yandexcloud.net/diffusion/f6f72346522c4e9abbbaad8631800a91_2.png,https://storage.yandexcloud.net/diffusion/f6f72346522c4e9abbbaad8631800a91_3.png,https://storage.yandexcloud.net/diffusion/954fce88cbdc4ea788f5fc6e83bf5417_0.png,https://storage.yandexcloud.net/diffusion/954fce88cbdc4ea788f5fc6e83bf5417_1.png,https://storage.yandexcloud.net/diffusion/954fce88cbdc4ea788f5fc6e83bf5417_2.png,https://storage.yandexcloud.net/diffusion/954fce88cbdc4ea788f5fc6e83bf5417_3.png,right
"rapunzel, wedding dress",https://storage.yandexcloud.net/diffusion/370cc96d26534ec997b828f5c9ec8acb_0.png,https://storage.yandexcloud.net/diffusion/370cc96d26534ec997b828f5c9ec8acb_1.png,https://storage.yandexcloud.net/diffusion/370cc96d26534ec997b828f5c9ec8acb_2.png,https://storage.yandexcloud.net/diffusion/370cc96d26534ec997b828f5c9ec8acb_3.png,https://storage.yandexcloud.net/diffusion/a6e759ebcd3d4a25a80e67ef836f96df_0.png,https://storage.yandexcloud.net/diffusion/a6e759ebcd3d4a25a80e67ef836f96df_1.png,https://storage.yandexcloud.net/diffusion/a6e759ebcd3d4a25a80e67ef836f96df_2.png,https://storage.yandexcloud.net/diffusion/a6e759ebcd3d4a25a80e67ef836f96df_3.png,left
"night, the ocean, the milk way galaxy",https://storage.yandexcloud.net/diffusion/a9f0ee58b64a4dca8d10612fb70f550f_0.png,https://storage.yandexcloud.net/diffusion/a9f0ee58b64a4dca8d10612fb70f550f_1.png,https://storage.yandexcloud.net/diffusion/a9f0ee58b64a4dca8d10612fb70f550f_2.png,https://storage.yandexcloud.net/diffusion/a9f0ee58b64a4dca8d10612fb70f550f_3.png,https://storage.yandexcloud.net/diffusion/2af6bcb0fd2c4807ac9046aeb62e7059_0.png,https://storage.yandexcloud.net/diffusion/2af6bcb0fd2c4807ac9046aeb62e7059_1.png,https://storage.yandexcloud.net/diffusion/2af6bcb0fd2c4807ac9046aeb62e7059_2.png,https://storage.yandexcloud.net/diffusion/2af6bcb0fd2c4807ac9046aeb62e7059_3.png,right
"spacer woman, with Symmetric features, curly(changed to taste through gens) hair with realistic proportions, wearing rugged and torn workers clothes",https://storage.yandexcloud.net/diffusion/cc02868b9dfe49ac902b1779d9c9d355_0.png,https://storage.yandexcloud.net/diffusion/cc02868b9dfe49ac902b1779d9c9d355_1.png,https://storage.yandexcloud.net/diffusion/cc02868b9dfe49ac902b1779d9c9d355_2.png,https://storage.yandexcloud.net/diffusion/cc02868b9dfe49ac902b1779d9c9d355_3.png,https://storage.yandexcloud.net/diffusion/d8d21f3f4bcf4a1da06f5e1b5402a2f4_0.png,https://storage.yandexcloud.net/diffusion/d8d21f3f4bcf4a1da06f5e1b5402a2f4_1.png,https://storage.yandexcloud.net/diffusion/d8d21f3f4bcf4a1da06f5e1b5402a2f4_2.png,https://storage.yandexcloud.net/diffusion/d8d21f3f4bcf4a1da06f5e1b5402a2f4_3.png,left
the river of time glowing in the dark,https://storage.yandexcloud.net/diffusion/f51b603f0ef24397b67976e9039ff716_0.png,https://storage.yandexcloud.net/diffusion/f51b603f0ef24397b67976e9039ff716_1.png,https://storage.yandexcloud.net/diffusion/f51b603f0ef24397b67976e9039ff716_2.png,https://storage.yandexcloud.net/diffusion/f51b603f0ef24397b67976e9039ff716_3.png,https://storage.yandexcloud.net/diffusion/8dc196ada68f4f5381f42a9e5ec3b718_0.png,https://storage.yandexcloud.net/diffusion/8dc196ada68f4f5381f42a9e5ec3b718_1.png,https://storage.yandexcloud.net/diffusion/8dc196ada68f4f5381f42a9e5ec3b718_2.png,https://storage.yandexcloud.net/diffusion/8dc196ada68f4f5381f42a9e5ec3b718_3.png,right
Computer repair. Woman building a dieselpunk computer. Glowing screens. Huge dieselpunk computer,https://storage.yandexcloud.net/diffusion/0027ea412b90407ca5ac6601c21bcfa0_0.png,https://storage.yandexcloud.net/diffusion/0027ea412b90407ca5ac6601c21bcfa0_1.png,https://storage.yandexcloud.net/diffusion/0027ea412b90407ca5ac6601c21bcfa0_2.png,https://storage.yandexcloud.net/diffusion/0027ea412b90407ca5ac6601c21bcfa0_3.png,https://storage.yandexcloud.net/diffusion/da44c3a782b24b5bb53f21dfdf8edf64_0.png,https://storage.yandexcloud.net/diffusion/da44c3a782b24b5bb53f21dfdf8edf64_1.png,https://storage.yandexcloud.net/diffusion/da44c3a782b24b5bb53f21dfdf8edf64_2.png,https://storage.yandexcloud.net/diffusion/da44c3a782b24b5bb53f21dfdf8edf64_3.png,right
"Blonde-haired beautiful Warrior Queen, in fantasy armor, with Iron crown, cross symbolism, with a fit body, dark forest background",https://storage.yandexcloud.net/diffusion/50e7869beb264120b38f0cfd96c0b42d_0.png,https://storage.yandexcloud.net/diffusion/50e7869beb264120b38f0cfd96c0b42d_1.png,https://storage.yandexcloud.net/diffusion/50e7869beb264120b38f0cfd96c0b42d_2.png,https://storage.yandexcloud.net/diffusion/50e7869beb264120b38f0cfd96c0b42d_3.png,https://storage.yandexcloud.net/diffusion/a4e42c427406447d97bd20bc729f4f39_0.png,https://storage.yandexcloud.net/diffusion/a4e42c427406447d97bd20bc729f4f39_1.png,https://storage.yandexcloud.net/diffusion/a4e42c427406447d97bd20bc729f4f39_2.png,https://storage.yandexcloud.net/diffusion/a4e42c427406447d97bd20bc729f4f39_3.png,right
steampunk city levitating above a large ocean,https://storage.yandexcloud.net/diffusion/4a2691e2c5704379bdf9592391541240_0.png,https://storage.yandexcloud.net/diffusion/4a2691e2c5704379bdf9592391541240_1.png,https://storage.yandexcloud.net/diffusion/4a2691e2c5704379bdf9592391541240_2.png,https://storage.yandexcloud.net/diffusion/4a2691e2c5704379bdf9592391541240_3.png,https://storage.yandexcloud.net/diffusion/1388431653c64d1480cf8f9ef9bb4122_0.png,https://storage.yandexcloud.net/diffusion/1388431653c64d1480cf8f9ef9bb4122_1.png,https://storage.yandexcloud.net/diffusion/1388431653c64d1480cf8f9ef9bb4122_2.png,https://storage.yandexcloud.net/diffusion/1388431653c64d1480cf8f9ef9bb4122_3.png,left
A Photo of Astronomers studying the night sky with a telescope inside Observatory,https://storage.yandexcloud.net/diffusion/9cadc86ca73046a09425b5890cda3f64_0.png,https://storage.yandexcloud.net/diffusion/9cadc86ca73046a09425b5890cda3f64_1.png,https://storage.yandexcloud.net/diffusion/9cadc86ca73046a09425b5890cda3f64_2.png,https://storage.yandexcloud.net/diffusion/9cadc86ca73046a09425b5890cda3f64_3.png,https://storage.yandexcloud.net/diffusion/369006ba66374836bf30d53c0311358f_0.png,https://storage.yandexcloud.net/diffusion/369006ba66374836bf30d53c0311358f_1.png,https://storage.yandexcloud.net/diffusion/369006ba66374836bf30d53c0311358f_2.png,https://storage.yandexcloud.net/diffusion/369006ba66374836bf30d53c0311358f_3.png,left
The Highland Cow is a beautiful animal,https://storage.yandexcloud.net/diffusion/0dbb67c001164e4f9a4876072281277f_0.png,https://storage.yandexcloud.net/diffusion/0dbb67c001164e4f9a4876072281277f_1.png,https://storage.yandexcloud.net/diffusion/0dbb67c001164e4f9a4876072281277f_2.png,https://storage.yandexcloud.net/diffusion/0dbb67c001164e4f9a4876072281277f_3.png,https://storage.yandexcloud.net/diffusion/35dd92a7aa114a64ada2dee8a4f81d4e_0.png,https://storage.yandexcloud.net/diffusion/35dd92a7aa114a64ada2dee8a4f81d4e_1.png,https://storage.yandexcloud.net/diffusion/35dd92a7aa114a64ada2dee8a4f81d4e_2.png,https://storage.yandexcloud.net/diffusion/35dd92a7aa114a64ada2dee8a4f81d4e_3.png,right
X-Wing over Manhattan,https://storage.yandexcloud.net/diffusion/714b8154d897436fa664f4d634340ab8_0.png,https://storage.yandexcloud.net/diffusion/714b8154d897436fa664f4d634340ab8_1.png,https://storage.yandexcloud.net/diffusion/714b8154d897436fa664f4d634340ab8_2.png,https://storage.yandexcloud.net/diffusion/714b8154d897436fa664f4d634340ab8_3.png,https://storage.yandexcloud.net/diffusion/a334880843cf4d2d80fc71fcdb2aa0f3_0.png,https://storage.yandexcloud.net/diffusion/a334880843cf4d2d80fc71fcdb2aa0f3_1.png,https://storage.yandexcloud.net/diffusion/a334880843cf4d2d80fc71fcdb2aa0f3_2.png,https://storage.yandexcloud.net/diffusion/a334880843cf4d2d80fc71fcdb2aa0f3_3.png,left
"A Dark, Spooky and gloomy Haunted kitchen with lot of dried fruits and dried vegetables",https://storage.yandexcloud.net/diffusion/b8f0fde261a941f690d55d0fee3db0dd_0.png,https://storage.yandexcloud.net/diffusion/b8f0fde261a941f690d55d0fee3db0dd_1.png,https://storage.yandexcloud.net/diffusion/b8f0fde261a941f690d55d0fee3db0dd_2.png,https://storage.yandexcloud.net/diffusion/b8f0fde261a941f690d55d0fee3db0dd_3.png,https://storage.yandexcloud.net/diffusion/fb1db595d402494398ea448f5cda9c31_0.png,https://storage.yandexcloud.net/diffusion/fb1db595d402494398ea448f5cda9c31_1.png,https://storage.yandexcloud.net/diffusion/fb1db595d402494398ea448f5cda9c31_2.png,https://storage.yandexcloud.net/diffusion/fb1db595d402494398ea448f5cda9c31_3.png,right
Mars landscape futurstic city,https://storage.yandexcloud.net/diffusion/93e3ce75872e4e39aa2f552e0f629702_0.png,https://storage.yandexcloud.net/diffusion/93e3ce75872e4e39aa2f552e0f629702_1.png,https://storage.yandexcloud.net/diffusion/93e3ce75872e4e39aa2f552e0f629702_2.png,https://storage.yandexcloud.net/diffusion/93e3ce75872e4e39aa2f552e0f629702_3.png,https://storage.yandexcloud.net/diffusion/b861dfd3f0cb436b91a8d226b052a68e_0.png,https://storage.yandexcloud.net/diffusion/b861dfd3f0cb436b91a8d226b052a68e_1.png,https://storage.yandexcloud.net/diffusion/b861dfd3f0cb436b91a8d226b052a68e_2.png,https://storage.yandexcloud.net/diffusion/b861dfd3f0cb436b91a8d226b052a68e_3.png,right
"a beach full of trash and dead animals, whales, fish",https://storage.yandexcloud.net/diffusion/8c117e827a07420b82d76c1f73462776_0.png,https://storage.yandexcloud.net/diffusion/8c117e827a07420b82d76c1f73462776_1.png,https://storage.yandexcloud.net/diffusion/8c117e827a07420b82d76c1f73462776_2.png,https://storage.yandexcloud.net/diffusion/8c117e827a07420b82d76c1f73462776_3.png,https://storage.yandexcloud.net/diffusion/320935e2ff394689a8f694183ba288ee_0.png,https://storage.yandexcloud.net/diffusion/320935e2ff394689a8f694183ba288ee_1.png,https://storage.yandexcloud.net/diffusion/320935e2ff394689a8f694183ba288ee_2.png,https://storage.yandexcloud.net/diffusion/320935e2ff394689a8f694183ba288ee_3.png,right
Photograph. Mordor photo. Manhattan photo,https://storage.yandexcloud.net/diffusion/9086dfff7c6540d09848d1fe8d7348e6_0.png,https://storage.yandexcloud.net/diffusion/9086dfff7c6540d09848d1fe8d7348e6_1.png,https://storage.yandexcloud.net/diffusion/9086dfff7c6540d09848d1fe8d7348e6_2.png,https://storage.yandexcloud.net/diffusion/9086dfff7c6540d09848d1fe8d7348e6_3.png,https://storage.yandexcloud.net/diffusion/6ed6d0b83c534202b126e3723808dd4d_0.png,https://storage.yandexcloud.net/diffusion/6ed6d0b83c534202b126e3723808dd4d_1.png,https://storage.yandexcloud.net/diffusion/6ed6d0b83c534202b126e3723808dd4d_2.png,https://storage.yandexcloud.net/diffusion/6ed6d0b83c534202b126e3723808dd4d_3.png,right
"sleeping cute baby turtle, under the sea",https://storage.yandexcloud.net/diffusion/6a49ccd23c284e0a84c2a5bc317aaf35_0.png,https://storage.yandexcloud.net/diffusion/6a49ccd23c284e0a84c2a5bc317aaf35_1.png,https://storage.yandexcloud.net/diffusion/6a49ccd23c284e0a84c2a5bc317aaf35_2.png,https://storage.yandexcloud.net/diffusion/6a49ccd23c284e0a84c2a5bc317aaf35_3.png,https://storage.yandexcloud.net/diffusion/9e0c17d0aa744a51a9003abb5befeba4_0.png,https://storage.yandexcloud.net/diffusion/9e0c17d0aa744a51a9003abb5befeba4_1.png,https://storage.yandexcloud.net/diffusion/9e0c17d0aa744a51a9003abb5befeba4_2.png,https://storage.yandexcloud.net/diffusion/9e0c17d0aa744a51a9003abb5befeba4_3.png,left
painting of a vast gothic library,https://storage.yandexcloud.net/diffusion/286fefab53e347a6aa4b3ae0a8fa8939_0.png,https://storage.yandexcloud.net/diffusion/286fefab53e347a6aa4b3ae0a8fa8939_1.png,https://storage.yandexcloud.net/diffusion/286fefab53e347a6aa4b3ae0a8fa8939_2.png,https://storage.yandexcloud.net/diffusion/286fefab53e347a6aa4b3ae0a8fa8939_3.png,https://storage.yandexcloud.net/diffusion/c48e73a34ba0489eaa30a31413ee430d_0.png,https://storage.yandexcloud.net/diffusion/c48e73a34ba0489eaa30a31413ee430d_1.png,https://storage.yandexcloud.net/diffusion/c48e73a34ba0489eaa30a31413ee430d_2.png,https://storage.yandexcloud.net/diffusion/c48e73a34ba0489eaa30a31413ee430d_3.png,right
"a comfortable survival shelter made out of a container home with an attached garden and a small tent extension on the side, exterior walls are made of transparent material allowing light to pass through, Yosemite national park green meadows with beautiful big redwood trees on the edge, Mountains in the background and a creek running calmly through the meadow, Blue hour and a visible milkyway in the sky",https://storage.yandexcloud.net/diffusion/62945541a5464113b34afa4ab403ce9c_0.png,https://storage.yandexcloud.net/diffusion/62945541a5464113b34afa4ab403ce9c_1.png,https://storage.yandexcloud.net/diffusion/62945541a5464113b34afa4ab403ce9c_2.png,https://storage.yandexcloud.net/diffusion/62945541a5464113b34afa4ab403ce9c_3.png,https://storage.yandexcloud.net/diffusion/f3975d68747040ed84db2a0042173a5c_0.png,https://storage.yandexcloud.net/diffusion/f3975d68747040ed84db2a0042173a5c_1.png,https://storage.yandexcloud.net/diffusion/f3975d68747040ed84db2a0042173a5c_2.png,https://storage.yandexcloud.net/diffusion/f3975d68747040ed84db2a0042173a5c_3.png,left
Priests gathering at aztec pyramid in jungle,https://storage.yandexcloud.net/diffusion/c50103dd66714bcea93162710e1553d1_0.png,https://storage.yandexcloud.net/diffusion/c50103dd66714bcea93162710e1553d1_1.png,https://storage.yandexcloud.net/diffusion/c50103dd66714bcea93162710e1553d1_2.png,https://storage.yandexcloud.net/diffusion/c50103dd66714bcea93162710e1553d1_3.png,https://storage.yandexcloud.net/diffusion/439f4b4eed4743558916f8caf5bfc4ef_0.png,https://storage.yandexcloud.net/diffusion/439f4b4eed4743558916f8caf5bfc4ef_1.png,https://storage.yandexcloud.net/diffusion/439f4b4eed4743558916f8caf5bfc4ef_2.png,https://storage.yandexcloud.net/diffusion/439f4b4eed4743558916f8caf5bfc4ef_3.png,right
"Arab man light beard, curly hair, swordsman",https://storage.yandexcloud.net/diffusion/0a6e4fff0ff54fbc8c1accfc028fee76_0.png,https://storage.yandexcloud.net/diffusion/0a6e4fff0ff54fbc8c1accfc028fee76_1.png,https://storage.yandexcloud.net/diffusion/0a6e4fff0ff54fbc8c1accfc028fee76_2.png,https://storage.yandexcloud.net/diffusion/0a6e4fff0ff54fbc8c1accfc028fee76_3.png,https://storage.yandexcloud.net/diffusion/35e21506d83a4894aa34c08783e72d7d_0.png,https://storage.yandexcloud.net/diffusion/35e21506d83a4894aa34c08783e72d7d_1.png,https://storage.yandexcloud.net/diffusion/35e21506d83a4894aa34c08783e72d7d_2.png,https://storage.yandexcloud.net/diffusion/35e21506d83a4894aa34c08783e72d7d_3.png,left
Portrait of beautiful angel,https://storage.yandexcloud.net/diffusion/4a0183d27dba4986a4de97049ad8bb95_0.png,https://storage.yandexcloud.net/diffusion/4a0183d27dba4986a4de97049ad8bb95_1.png,https://storage.yandexcloud.net/diffusion/4a0183d27dba4986a4de97049ad8bb95_2.png,https://storage.yandexcloud.net/diffusion/4a0183d27dba4986a4de97049ad8bb95_3.png,https://storage.yandexcloud.net/diffusion/11ef0e5cde9d4867a64d83e67051491d_0.png,https://storage.yandexcloud.net/diffusion/11ef0e5cde9d4867a64d83e67051491d_1.png,https://storage.yandexcloud.net/diffusion/11ef0e5cde9d4867a64d83e67051491d_2.png,https://storage.yandexcloud.net/diffusion/11ef0e5cde9d4867a64d83e67051491d_3.png,right
"Cabela's beautiful comfortable modular insulated wall kit - house all weather family dwelling tent house, person in foreground, mountainous forested wilderness open fields",https://storage.yandexcloud.net/diffusion/b7ae7ae3751d4d3090b0887b5613d4ef_0.png,https://storage.yandexcloud.net/diffusion/b7ae7ae3751d4d3090b0887b5613d4ef_1.png,https://storage.yandexcloud.net/diffusion/b7ae7ae3751d4d3090b0887b5613d4ef_2.png,https://storage.yandexcloud.net/diffusion/b7ae7ae3751d4d3090b0887b5613d4ef_3.png,https://storage.yandexcloud.net/diffusion/4b26de992ba74982b9ef08ac57eeab03_0.png,https://storage.yandexcloud.net/diffusion/4b26de992ba74982b9ef08ac57eeab03_1.png,https://storage.yandexcloud.net/diffusion/4b26de992ba74982b9ef08ac57eeab03_2.png,https://storage.yandexcloud.net/diffusion/4b26de992ba74982b9ef08ac57eeab03_3.png,left
A mountain in the shape of wolf dental arch,https://storage.yandexcloud.net/diffusion/4a993291a259444998e5b08d89322ee1_0.png,https://storage.yandexcloud.net/diffusion/4a993291a259444998e5b08d89322ee1_1.png,https://storage.yandexcloud.net/diffusion/4a993291a259444998e5b08d89322ee1_2.png,https://storage.yandexcloud.net/diffusion/4a993291a259444998e5b08d89322ee1_3.png,https://storage.yandexcloud.net/diffusion/142369314c3d41c6bc0566583a89b1c1_0.png,https://storage.yandexcloud.net/diffusion/142369314c3d41c6bc0566583a89b1c1_1.png,https://storage.yandexcloud.net/diffusion/142369314c3d41c6bc0566583a89b1c1_2.png,https://storage.yandexcloud.net/diffusion/142369314c3d41c6bc0566583a89b1c1_3.png,left
tokyo city market,https://storage.yandexcloud.net/diffusion/e28939b43246445aa07cc13392251615_0.png,https://storage.yandexcloud.net/diffusion/e28939b43246445aa07cc13392251615_1.png,https://storage.yandexcloud.net/diffusion/e28939b43246445aa07cc13392251615_2.png,https://storage.yandexcloud.net/diffusion/e28939b43246445aa07cc13392251615_3.png,https://storage.yandexcloud.net/diffusion/814a0f91d138448cbf33fdd07f1b597f_0.png,https://storage.yandexcloud.net/diffusion/814a0f91d138448cbf33fdd07f1b597f_1.png,https://storage.yandexcloud.net/diffusion/814a0f91d138448cbf33fdd07f1b597f_2.png,https://storage.yandexcloud.net/diffusion/814a0f91d138448cbf33fdd07f1b597f_3.png,right
A human skull floating in deep dark murky water,https://storage.yandexcloud.net/diffusion/ee9705c1541b48e49faf8ad0f42056e3_0.png,https://storage.yandexcloud.net/diffusion/ee9705c1541b48e49faf8ad0f42056e3_1.png,https://storage.yandexcloud.net/diffusion/ee9705c1541b48e49faf8ad0f42056e3_2.png,https://storage.yandexcloud.net/diffusion/ee9705c1541b48e49faf8ad0f42056e3_3.png,https://storage.yandexcloud.net/diffusion/8231dedf785d4f7b8fb9fbff25ebe119_0.png,https://storage.yandexcloud.net/diffusion/8231dedf785d4f7b8fb9fbff25ebe119_1.png,https://storage.yandexcloud.net/diffusion/8231dedf785d4f7b8fb9fbff25ebe119_2.png,https://storage.yandexcloud.net/diffusion/8231dedf785d4f7b8fb9fbff25ebe119_3.png,left
"Beautiful meadow at sunrise, thin morning fog hovering close to the ground",https://storage.yandexcloud.net/diffusion/d0560d52e0ce4260ba5991486474e0b4_0.png,https://storage.yandexcloud.net/diffusion/d0560d52e0ce4260ba5991486474e0b4_1.png,https://storage.yandexcloud.net/diffusion/d0560d52e0ce4260ba5991486474e0b4_2.png,https://storage.yandexcloud.net/diffusion/d0560d52e0ce4260ba5991486474e0b4_3.png,https://storage.yandexcloud.net/diffusion/687786077549401b9cf83353548f0409_0.png,https://storage.yandexcloud.net/diffusion/687786077549401b9cf83353548f0409_1.png,https://storage.yandexcloud.net/diffusion/687786077549401b9cf83353548f0409_2.png,https://storage.yandexcloud.net/diffusion/687786077549401b9cf83353548f0409_3.png,left
painting of pripyat,https://storage.yandexcloud.net/diffusion/3a101afb5151489b980ba415c83a6530_0.png,https://storage.yandexcloud.net/diffusion/3a101afb5151489b980ba415c83a6530_1.png,https://storage.yandexcloud.net/diffusion/3a101afb5151489b980ba415c83a6530_2.png,https://storage.yandexcloud.net/diffusion/3a101afb5151489b980ba415c83a6530_3.png,https://storage.yandexcloud.net/diffusion/bb777c8d9b9f431980f45aa05394e888_0.png,https://storage.yandexcloud.net/diffusion/bb777c8d9b9f431980f45aa05394e888_1.png,https://storage.yandexcloud.net/diffusion/bb777c8d9b9f431980f45aa05394e888_2.png,https://storage.yandexcloud.net/diffusion/bb777c8d9b9f431980f45aa05394e888_3.png,left
"Post apocalyptic shopping center, raining, building, avenue",https://storage.yandexcloud.net/diffusion/a82376521cb64873b44b6e4eb5f6b1fa_0.png,https://storage.yandexcloud.net/diffusion/a82376521cb64873b44b6e4eb5f6b1fa_1.png,https://storage.yandexcloud.net/diffusion/a82376521cb64873b44b6e4eb5f6b1fa_2.png,https://storage.yandexcloud.net/diffusion/a82376521cb64873b44b6e4eb5f6b1fa_3.png,https://storage.yandexcloud.net/diffusion/a61dae6ef9ee479c9ce11620cbdd7a05_0.png,https://storage.yandexcloud.net/diffusion/a61dae6ef9ee479c9ce11620cbdd7a05_1.png,https://storage.yandexcloud.net/diffusion/a61dae6ef9ee479c9ce11620cbdd7a05_2.png,https://storage.yandexcloud.net/diffusion/a61dae6ef9ee479c9ce11620cbdd7a05_3.png,left
Fallout interior render,https://storage.yandexcloud.net/diffusion/05d2dc8e8da4453e8cdd9e57e4bc7e70_0.png,https://storage.yandexcloud.net/diffusion/05d2dc8e8da4453e8cdd9e57e4bc7e70_1.png,https://storage.yandexcloud.net/diffusion/05d2dc8e8da4453e8cdd9e57e4bc7e70_2.png,https://storage.yandexcloud.net/diffusion/05d2dc8e8da4453e8cdd9e57e4bc7e70_3.png,https://storage.yandexcloud.net/diffusion/39cdec58f55f410f9a34850f1137fa51_0.png,https://storage.yandexcloud.net/diffusion/39cdec58f55f410f9a34850f1137fa51_1.png,https://storage.yandexcloud.net/diffusion/39cdec58f55f410f9a34850f1137fa51_2.png,https://storage.yandexcloud.net/diffusion/39cdec58f55f410f9a34850f1137fa51_3.png,right
"Vampires fighting in a party in the interior of gothic dark castle, red pool fountain, louis xv furniture",https://storage.yandexcloud.net/diffusion/33da394c7c6742ea8a18d509793675c9_0.png,https://storage.yandexcloud.net/diffusion/33da394c7c6742ea8a18d509793675c9_1.png,https://storage.yandexcloud.net/diffusion/33da394c7c6742ea8a18d509793675c9_2.png,https://storage.yandexcloud.net/diffusion/33da394c7c6742ea8a18d509793675c9_3.png,https://storage.yandexcloud.net/diffusion/0cf6d8e3d5f348d7a05802d5def4de44_0.png,https://storage.yandexcloud.net/diffusion/0cf6d8e3d5f348d7a05802d5def4de44_1.png,https://storage.yandexcloud.net/diffusion/0cf6d8e3d5f348d7a05802d5def4de44_2.png,https://storage.yandexcloud.net/diffusion/0cf6d8e3d5f348d7a05802d5def4de44_3.png,left
"A vast indoor growing operation on the edge of space, in a massive cavernous iron city",https://storage.yandexcloud.net/diffusion/4287dd2f8096495f8da41208c0683749_0.png,https://storage.yandexcloud.net/diffusion/4287dd2f8096495f8da41208c0683749_1.png,https://storage.yandexcloud.net/diffusion/4287dd2f8096495f8da41208c0683749_2.png,https://storage.yandexcloud.net/diffusion/4287dd2f8096495f8da41208c0683749_3.png,https://storage.yandexcloud.net/diffusion/f543520e8d924f3eabb409ca1c62ebe9_0.png,https://storage.yandexcloud.net/diffusion/f543520e8d924f3eabb409ca1c62ebe9_1.png,https://storage.yandexcloud.net/diffusion/f543520e8d924f3eabb409ca1c62ebe9_2.png,https://storage.yandexcloud.net/diffusion/f543520e8d924f3eabb409ca1c62ebe9_3.png,right
Steampunk greenhouse interior,https://storage.yandexcloud.net/diffusion/f39db96d1c524caf829d4c0c4575cd0d_0.png,https://storage.yandexcloud.net/diffusion/f39db96d1c524caf829d4c0c4575cd0d_1.png,https://storage.yandexcloud.net/diffusion/f39db96d1c524caf829d4c0c4575cd0d_2.png,https://storage.yandexcloud.net/diffusion/f39db96d1c524caf829d4c0c4575cd0d_3.png,https://storage.yandexcloud.net/diffusion/6aece8b247a84b8d9e0047268313886e_0.png,https://storage.yandexcloud.net/diffusion/6aece8b247a84b8d9e0047268313886e_1.png,https://storage.yandexcloud.net/diffusion/6aece8b247a84b8d9e0047268313886e_2.png,https://storage.yandexcloud.net/diffusion/6aece8b247a84b8d9e0047268313886e_3.png,left
Portrait of a blue genasi tempest priest,https://storage.yandexcloud.net/diffusion/6f47e00a0cd34a579ddadfe5df47bb54_0.png,https://storage.yandexcloud.net/diffusion/6f47e00a0cd34a579ddadfe5df47bb54_1.png,https://storage.yandexcloud.net/diffusion/6f47e00a0cd34a579ddadfe5df47bb54_2.png,https://storage.yandexcloud.net/diffusion/6f47e00a0cd34a579ddadfe5df47bb54_3.png,https://storage.yandexcloud.net/diffusion/47fa450d19ab4ebea8cfb5225538fb0b_0.png,https://storage.yandexcloud.net/diffusion/47fa450d19ab4ebea8cfb5225538fb0b_1.png,https://storage.yandexcloud.net/diffusion/47fa450d19ab4ebea8cfb5225538fb0b_2.png,https://storage.yandexcloud.net/diffusion/47fa450d19ab4ebea8cfb5225538fb0b_3.png,left
"A portrait of a rough male farmer in world war 2, 1 9 4 0 setting",https://storage.yandexcloud.net/diffusion/b23e433c1028467c9bc5718f7e995063_0.png,https://storage.yandexcloud.net/diffusion/b23e433c1028467c9bc5718f7e995063_1.png,https://storage.yandexcloud.net/diffusion/b23e433c1028467c9bc5718f7e995063_2.png,https://storage.yandexcloud.net/diffusion/b23e433c1028467c9bc5718f7e995063_3.png,https://storage.yandexcloud.net/diffusion/597fe44917c84754a281ef126dc6b2b3_0.png,https://storage.yandexcloud.net/diffusion/597fe44917c84754a281ef126dc6b2b3_1.png,https://storage.yandexcloud.net/diffusion/597fe44917c84754a281ef126dc6b2b3_2.png,https://storage.yandexcloud.net/diffusion/597fe44917c84754a281ef126dc6b2b3_3.png,right
a portrait of a mafia boss in a golden suit,https://storage.yandexcloud.net/diffusion/8d0f584d7746410f9c13acdbb2ed3f5d_0.png,https://storage.yandexcloud.net/diffusion/8d0f584d7746410f9c13acdbb2ed3f5d_1.png,https://storage.yandexcloud.net/diffusion/8d0f584d7746410f9c13acdbb2ed3f5d_2.png,https://storage.yandexcloud.net/diffusion/8d0f584d7746410f9c13acdbb2ed3f5d_3.png,https://storage.yandexcloud.net/diffusion/95a4ce6bda0d4c6b8be526b796fa6153_0.png,https://storage.yandexcloud.net/diffusion/95a4ce6bda0d4c6b8be526b796fa6153_1.png,https://storage.yandexcloud.net/diffusion/95a4ce6bda0d4c6b8be526b796fa6153_2.png,https://storage.yandexcloud.net/diffusion/95a4ce6bda0d4c6b8be526b796fa6153_3.png,left
"wolf portrait, ferns, butterflies",https://storage.yandexcloud.net/diffusion/61a6b6bdb97b410dbd78eae11edb2d5a_0.png,https://storage.yandexcloud.net/diffusion/61a6b6bdb97b410dbd78eae11edb2d5a_1.png,https://storage.yandexcloud.net/diffusion/61a6b6bdb97b410dbd78eae11edb2d5a_2.png,https://storage.yandexcloud.net/diffusion/61a6b6bdb97b410dbd78eae11edb2d5a_3.png,https://storage.yandexcloud.net/diffusion/1799389dc82f484091b2a62ce6806e08_0.png,https://storage.yandexcloud.net/diffusion/1799389dc82f484091b2a62ce6806e08_1.png,https://storage.yandexcloud.net/diffusion/1799389dc82f484091b2a62ce6806e08_2.png,https://storage.yandexcloud.net/diffusion/1799389dc82f484091b2a62ce6806e08_3.png,right
"Portrait of a knight, holding a sword, victorian",https://storage.yandexcloud.net/diffusion/b0cc6403858b4b8c87c3c8a2c6cfb28b_0.png,https://storage.yandexcloud.net/diffusion/b0cc6403858b4b8c87c3c8a2c6cfb28b_1.png,https://storage.yandexcloud.net/diffusion/b0cc6403858b4b8c87c3c8a2c6cfb28b_2.png,https://storage.yandexcloud.net/diffusion/b0cc6403858b4b8c87c3c8a2c6cfb28b_3.png,https://storage.yandexcloud.net/diffusion/6cb01cafc8754648a266e23b99594fe7_0.png,https://storage.yandexcloud.net/diffusion/6cb01cafc8754648a266e23b99594fe7_1.png,https://storage.yandexcloud.net/diffusion/6cb01cafc8754648a266e23b99594fe7_2.png,https://storage.yandexcloud.net/diffusion/6cb01cafc8754648a266e23b99594fe7_3.png,right
"Winterfell walls gate, lanscape",https://storage.yandexcloud.net/diffusion/47ce9f8dbfe3490f80ab00357bbf6f2b_0.png,https://storage.yandexcloud.net/diffusion/47ce9f8dbfe3490f80ab00357bbf6f2b_1.png,https://storage.yandexcloud.net/diffusion/47ce9f8dbfe3490f80ab00357bbf6f2b_2.png,https://storage.yandexcloud.net/diffusion/47ce9f8dbfe3490f80ab00357bbf6f2b_3.png,https://storage.yandexcloud.net/diffusion/97f5d2c334f54c96a35859da5c8f8558_0.png,https://storage.yandexcloud.net/diffusion/97f5d2c334f54c96a35859da5c8f8558_1.png,https://storage.yandexcloud.net/diffusion/97f5d2c334f54c96a35859da5c8f8558_2.png,https://storage.yandexcloud.net/diffusion/97f5d2c334f54c96a35859da5c8f8558_3.png,left
Dream fantasy in little european town,https://storage.yandexcloud.net/diffusion/40217cff05094de9aabc7c85283fb092_0.png,https://storage.yandexcloud.net/diffusion/40217cff05094de9aabc7c85283fb092_1.png,https://storage.yandexcloud.net/diffusion/40217cff05094de9aabc7c85283fb092_2.png,https://storage.yandexcloud.net/diffusion/40217cff05094de9aabc7c85283fb092_3.png,https://storage.yandexcloud.net/diffusion/95e79b5893ad46198dfe2911d66a8a93_0.png,https://storage.yandexcloud.net/diffusion/95e79b5893ad46198dfe2911d66a8a93_1.png,https://storage.yandexcloud.net/diffusion/95e79b5893ad46198dfe2911d66a8a93_2.png,https://storage.yandexcloud.net/diffusion/95e79b5893ad46198dfe2911d66a8a93_3.png,left
"gigantic paleolothic torus made of stone with carvings of shamanic robotic electronics and circuitry, in a mediterranean lanscape, inside a valley overlooking the sea",https://storage.yandexcloud.net/diffusion/8393587b299745109e2d75aaafc6b060_0.png,https://storage.yandexcloud.net/diffusion/8393587b299745109e2d75aaafc6b060_1.png,https://storage.yandexcloud.net/diffusion/8393587b299745109e2d75aaafc6b060_2.png,https://storage.yandexcloud.net/diffusion/8393587b299745109e2d75aaafc6b060_3.png,https://storage.yandexcloud.net/diffusion/3f5e3cfc75354aacb7134217b5cbac9b_0.png,https://storage.yandexcloud.net/diffusion/3f5e3cfc75354aacb7134217b5cbac9b_1.png,https://storage.yandexcloud.net/diffusion/3f5e3cfc75354aacb7134217b5cbac9b_2.png,https://storage.yandexcloud.net/diffusion/3f5e3cfc75354aacb7134217b5cbac9b_3.png,left
"silk road lanscape, rocket ship, space station",https://storage.yandexcloud.net/diffusion/a4cc8eec2e5e43f38440d15aafaeca16_0.png,https://storage.yandexcloud.net/diffusion/a4cc8eec2e5e43f38440d15aafaeca16_1.png,https://storage.yandexcloud.net/diffusion/a4cc8eec2e5e43f38440d15aafaeca16_2.png,https://storage.yandexcloud.net/diffusion/a4cc8eec2e5e43f38440d15aafaeca16_3.png,https://storage.yandexcloud.net/diffusion/31b82673713b408fbe5b44bfc83c3885_0.png,https://storage.yandexcloud.net/diffusion/31b82673713b408fbe5b44bfc83c3885_1.png,https://storage.yandexcloud.net/diffusion/31b82673713b408fbe5b44bfc83c3885_2.png,https://storage.yandexcloud.net/diffusion/31b82673713b408fbe5b44bfc83c3885_3.png,left
Interior of an alien spaceship,https://storage.yandexcloud.net/diffusion/eee3e549632b45658f7e9984b306022d_0.png,https://storage.yandexcloud.net/diffusion/eee3e549632b45658f7e9984b306022d_1.png,https://storage.yandexcloud.net/diffusion/eee3e549632b45658f7e9984b306022d_2.png,https://storage.yandexcloud.net/diffusion/eee3e549632b45658f7e9984b306022d_3.png,https://storage.yandexcloud.net/diffusion/bf96400e8091437f89394eb5504b921f_0.png,https://storage.yandexcloud.net/diffusion/bf96400e8091437f89394eb5504b921f_1.png,https://storage.yandexcloud.net/diffusion/bf96400e8091437f89394eb5504b921f_2.png,https://storage.yandexcloud.net/diffusion/bf96400e8091437f89394eb5504b921f_3.png,left
Halo 3 interiors,https://storage.yandexcloud.net/diffusion/8cdc3dba279644dd92a7849cd9a3d463_0.png,https://storage.yandexcloud.net/diffusion/8cdc3dba279644dd92a7849cd9a3d463_1.png,https://storage.yandexcloud.net/diffusion/8cdc3dba279644dd92a7849cd9a3d463_2.png,https://storage.yandexcloud.net/diffusion/8cdc3dba279644dd92a7849cd9a3d463_3.png,https://storage.yandexcloud.net/diffusion/b254925323984833bf0f50610fdfe13f_0.png,https://storage.yandexcloud.net/diffusion/b254925323984833bf0f50610fdfe13f_1.png,https://storage.yandexcloud.net/diffusion/b254925323984833bf0f50610fdfe13f_2.png,https://storage.yandexcloud.net/diffusion/b254925323984833bf0f50610fdfe13f_3.png,right
Futuristic city center with 890j maglev train in background,https://storage.yandexcloud.net/diffusion/a8f4c9972a11487797a7b3ee9ceb5af4_0.png,https://storage.yandexcloud.net/diffusion/a8f4c9972a11487797a7b3ee9ceb5af4_1.png,https://storage.yandexcloud.net/diffusion/a8f4c9972a11487797a7b3ee9ceb5af4_2.png,https://storage.yandexcloud.net/diffusion/a8f4c9972a11487797a7b3ee9ceb5af4_3.png,https://storage.yandexcloud.net/diffusion/8cf1818c69764ef8a7b3ff2cca123b7b_0.png,https://storage.yandexcloud.net/diffusion/8cf1818c69764ef8a7b3ff2cca123b7b_1.png,https://storage.yandexcloud.net/diffusion/8cf1818c69764ef8a7b3ff2cca123b7b_2.png,https://storage.yandexcloud.net/diffusion/8cf1818c69764ef8a7b3ff2cca123b7b_3.png,right
A potrait of a space fanstasy cat,https://storage.yandexcloud.net/diffusion/33769e08de5e4abeb7aa0560810da274_0.png,https://storage.yandexcloud.net/diffusion/33769e08de5e4abeb7aa0560810da274_1.png,https://storage.yandexcloud.net/diffusion/33769e08de5e4abeb7aa0560810da274_2.png,https://storage.yandexcloud.net/diffusion/33769e08de5e4abeb7aa0560810da274_3.png,https://storage.yandexcloud.net/diffusion/99c6f77cd8e24185867ae13fa1878c63_0.png,https://storage.yandexcloud.net/diffusion/99c6f77cd8e24185867ae13fa1878c63_1.png,https://storage.yandexcloud.net/diffusion/99c6f77cd8e24185867ae13fa1878c63_2.png,https://storage.yandexcloud.net/diffusion/99c6f77cd8e24185867ae13fa1878c63_3.png,left
An interstellar cat in a spacesuit,https://storage.yandexcloud.net/diffusion/f3f780768e4149e788a473609e2f800d_0.png,https://storage.yandexcloud.net/diffusion/f3f780768e4149e788a473609e2f800d_1.png,https://storage.yandexcloud.net/diffusion/f3f780768e4149e788a473609e2f800d_2.png,https://storage.yandexcloud.net/diffusion/f3f780768e4149e788a473609e2f800d_3.png,https://storage.yandexcloud.net/diffusion/3e6a4ec9e3eb4d9b98902654f4bf0639_0.png,https://storage.yandexcloud.net/diffusion/3e6a4ec9e3eb4d9b98902654f4bf0639_1.png,https://storage.yandexcloud.net/diffusion/3e6a4ec9e3eb4d9b98902654f4bf0639_2.png,https://storage.yandexcloud.net/diffusion/3e6a4ec9e3eb4d9b98902654f4bf0639_3.png,left
"portrait photo of an armored demonic undead deer with antlers, in a magical forest looking at the camera",https://storage.yandexcloud.net/diffusion/471d087cb3714e64b458b1efc14b90cb_0.png,https://storage.yandexcloud.net/diffusion/471d087cb3714e64b458b1efc14b90cb_1.png,https://storage.yandexcloud.net/diffusion/471d087cb3714e64b458b1efc14b90cb_2.png,https://storage.yandexcloud.net/diffusion/471d087cb3714e64b458b1efc14b90cb_3.png,https://storage.yandexcloud.net/diffusion/7695811ce17b4e0aaf14ca462e50bbbb_0.png,https://storage.yandexcloud.net/diffusion/7695811ce17b4e0aaf14ca462e50bbbb_1.png,https://storage.yandexcloud.net/diffusion/7695811ce17b4e0aaf14ca462e50bbbb_2.png,https://storage.yandexcloud.net/diffusion/7695811ce17b4e0aaf14ca462e50bbbb_3.png,left
Whale spaceship flying near a red dwarf star,https://storage.yandexcloud.net/diffusion/5420f715f9da454395de48ed2433a3f2_0.png,https://storage.yandexcloud.net/diffusion/5420f715f9da454395de48ed2433a3f2_1.png,https://storage.yandexcloud.net/diffusion/5420f715f9da454395de48ed2433a3f2_2.png,https://storage.yandexcloud.net/diffusion/5420f715f9da454395de48ed2433a3f2_3.png,https://storage.yandexcloud.net/diffusion/d525f744cfb6434489897972e2c78015_0.png,https://storage.yandexcloud.net/diffusion/d525f744cfb6434489897972e2c78015_1.png,https://storage.yandexcloud.net/diffusion/d525f744cfb6434489897972e2c78015_2.png,https://storage.yandexcloud.net/diffusion/d525f744cfb6434489897972e2c78015_3.png,right
A portrait of a monstrous frog covered in blue flames,https://storage.yandexcloud.net/diffusion/cbdceaa946054762bc3e10166d6fa038_0.png,https://storage.yandexcloud.net/diffusion/cbdceaa946054762bc3e10166d6fa038_1.png,https://storage.yandexcloud.net/diffusion/cbdceaa946054762bc3e10166d6fa038_2.png,https://storage.yandexcloud.net/diffusion/cbdceaa946054762bc3e10166d6fa038_3.png,https://storage.yandexcloud.net/diffusion/853293359bb34b83b0ad33249d386331_0.png,https://storage.yandexcloud.net/diffusion/853293359bb34b83b0ad33249d386331_1.png,https://storage.yandexcloud.net/diffusion/853293359bb34b83b0ad33249d386331_2.png,https://storage.yandexcloud.net/diffusion/853293359bb34b83b0ad33249d386331_3.png,right
"Vicious dog with three heads, glowing eyes and matted fur",https://storage.yandexcloud.net/diffusion/141f5d48373348fc95251f151cf59974_0.png,https://storage.yandexcloud.net/diffusion/141f5d48373348fc95251f151cf59974_1.png,https://storage.yandexcloud.net/diffusion/141f5d48373348fc95251f151cf59974_2.png,https://storage.yandexcloud.net/diffusion/141f5d48373348fc95251f151cf59974_3.png,https://storage.yandexcloud.net/diffusion/7282a4457d84467a8f178318876bf88d_0.png,https://storage.yandexcloud.net/diffusion/7282a4457d84467a8f178318876bf88d_1.png,https://storage.yandexcloud.net/diffusion/7282a4457d84467a8f178318876bf88d_2.png,https://storage.yandexcloud.net/diffusion/7282a4457d84467a8f178318876bf88d_3.png,right
"A golden tiger resting, dragon body",https://storage.yandexcloud.net/diffusion/5f0fe2a76c794cb882bff96a9409d320_0.png,https://storage.yandexcloud.net/diffusion/5f0fe2a76c794cb882bff96a9409d320_1.png,https://storage.yandexcloud.net/diffusion/5f0fe2a76c794cb882bff96a9409d320_2.png,https://storage.yandexcloud.net/diffusion/5f0fe2a76c794cb882bff96a9409d320_3.png,https://storage.yandexcloud.net/diffusion/535392fae6e14a888c4fdf5bf8e8c00f_0.png,https://storage.yandexcloud.net/diffusion/535392fae6e14a888c4fdf5bf8e8c00f_1.png,https://storage.yandexcloud.net/diffusion/535392fae6e14a888c4fdf5bf8e8c00f_2.png,https://storage.yandexcloud.net/diffusion/535392fae6e14a888c4fdf5bf8e8c00f_3.png,right
torus brain in edgy darkiron camel,https://storage.yandexcloud.net/diffusion/eba049e8f3b34e568f81525d3cc7f1e4_0.png,https://storage.yandexcloud.net/diffusion/eba049e8f3b34e568f81525d3cc7f1e4_1.png,https://storage.yandexcloud.net/diffusion/eba049e8f3b34e568f81525d3cc7f1e4_2.png,https://storage.yandexcloud.net/diffusion/eba049e8f3b34e568f81525d3cc7f1e4_3.png,https://storage.yandexcloud.net/diffusion/58581675e4404a21955906ff12d44d50_0.png,https://storage.yandexcloud.net/diffusion/58581675e4404a21955906ff12d44d50_1.png,https://storage.yandexcloud.net/diffusion/58581675e4404a21955906ff12d44d50_2.png,https://storage.yandexcloud.net/diffusion/58581675e4404a21955906ff12d44d50_3.png,left
An isolated apple tree,https://storage.yandexcloud.net/diffusion/8206ae4a58874a90bdae28985c5ad065_0.png,https://storage.yandexcloud.net/diffusion/8206ae4a58874a90bdae28985c5ad065_1.png,https://storage.yandexcloud.net/diffusion/8206ae4a58874a90bdae28985c5ad065_2.png,https://storage.yandexcloud.net/diffusion/8206ae4a58874a90bdae28985c5ad065_3.png,https://storage.yandexcloud.net/diffusion/76bfc52f2ce544f096eb3e6a13dae524_0.png,https://storage.yandexcloud.net/diffusion/76bfc52f2ce544f096eb3e6a13dae524_1.png,https://storage.yandexcloud.net/diffusion/76bfc52f2ce544f096eb3e6a13dae524_2.png,https://storage.yandexcloud.net/diffusion/76bfc52f2ce544f096eb3e6a13dae524_3.png,left
Steampunk helmet mask robot,https://storage.yandexcloud.net/diffusion/64e57b44ad3943bda1ad1461f64b2106_0.png,https://storage.yandexcloud.net/diffusion/64e57b44ad3943bda1ad1461f64b2106_1.png,https://storage.yandexcloud.net/diffusion/64e57b44ad3943bda1ad1461f64b2106_2.png,https://storage.yandexcloud.net/diffusion/64e57b44ad3943bda1ad1461f64b2106_3.png,https://storage.yandexcloud.net/diffusion/bf313fabc47743ef870d9d3f0a21819c_0.png,https://storage.yandexcloud.net/diffusion/bf313fabc47743ef870d9d3f0a21819c_1.png,https://storage.yandexcloud.net/diffusion/bf313fabc47743ef870d9d3f0a21819c_2.png,https://storage.yandexcloud.net/diffusion/bf313fabc47743ef870d9d3f0a21819c_3.png,right
heaven made of fruit basket,https://storage.yandexcloud.net/diffusion/d08375407e6c4b0683901a0a5bb95117_0.png,https://storage.yandexcloud.net/diffusion/d08375407e6c4b0683901a0a5bb95117_1.png,https://storage.yandexcloud.net/diffusion/d08375407e6c4b0683901a0a5bb95117_2.png,https://storage.yandexcloud.net/diffusion/d08375407e6c4b0683901a0a5bb95117_3.png,https://storage.yandexcloud.net/diffusion/eaa0dfc3a45643e78ae208291969fd2a_0.png,https://storage.yandexcloud.net/diffusion/eaa0dfc3a45643e78ae208291969fd2a_1.png,https://storage.yandexcloud.net/diffusion/eaa0dfc3a45643e78ae208291969fd2a_2.png,https://storage.yandexcloud.net/diffusion/eaa0dfc3a45643e78ae208291969fd2a_3.png,left
Wrc rally car stylized,https://storage.yandexcloud.net/diffusion/3d01bebfed4646f4b7ab3a3b20117648_0.png,https://storage.yandexcloud.net/diffusion/3d01bebfed4646f4b7ab3a3b20117648_1.png,https://storage.yandexcloud.net/diffusion/3d01bebfed4646f4b7ab3a3b20117648_2.png,https://storage.yandexcloud.net/diffusion/3d01bebfed4646f4b7ab3a3b20117648_3.png,https://storage.yandexcloud.net/diffusion/cad76f3162b04cce8cae942681ed3643_0.png,https://storage.yandexcloud.net/diffusion/cad76f3162b04cce8cae942681ed3643_1.png,https://storage.yandexcloud.net/diffusion/cad76f3162b04cce8cae942681ed3643_2.png,https://storage.yandexcloud.net/diffusion/cad76f3162b04cce8cae942681ed3643_3.png,right
American phone booth with antenna in the woods,https://storage.yandexcloud.net/diffusion/216544c77c06424baee9e33d2d53929a_0.png,https://storage.yandexcloud.net/diffusion/216544c77c06424baee9e33d2d53929a_1.png,https://storage.yandexcloud.net/diffusion/216544c77c06424baee9e33d2d53929a_2.png,https://storage.yandexcloud.net/diffusion/216544c77c06424baee9e33d2d53929a_3.png,https://storage.yandexcloud.net/diffusion/f2b333e73b98400e89dde51ed5fbca0d_0.png,https://storage.yandexcloud.net/diffusion/f2b333e73b98400e89dde51ed5fbca0d_1.png,https://storage.yandexcloud.net/diffusion/f2b333e73b98400e89dde51ed5fbca0d_2.png,https://storage.yandexcloud.net/diffusion/f2b333e73b98400e89dde51ed5fbca0d_3.png,left
depiction of the beginning of the universe inside a snow globe,https://storage.yandexcloud.net/diffusion/01940706dc7e4c82b033d4e9a7eb6092_0.png,https://storage.yandexcloud.net/diffusion/01940706dc7e4c82b033d4e9a7eb6092_1.png,https://storage.yandexcloud.net/diffusion/01940706dc7e4c82b033d4e9a7eb6092_2.png,https://storage.yandexcloud.net/diffusion/01940706dc7e4c82b033d4e9a7eb6092_3.png,https://storage.yandexcloud.net/diffusion/42c776beceed4e16bb4b35807ce3ca60_0.png,https://storage.yandexcloud.net/diffusion/42c776beceed4e16bb4b35807ce3ca60_1.png,https://storage.yandexcloud.net/diffusion/42c776beceed4e16bb4b35807ce3ca60_2.png,https://storage.yandexcloud.net/diffusion/42c776beceed4e16bb4b35807ce3ca60_3.png,right
Blue flame captured in a bottle,https://storage.yandexcloud.net/diffusion/0c8976aa5ac343e1b4eb5a1a1d961df2_0.png,https://storage.yandexcloud.net/diffusion/0c8976aa5ac343e1b4eb5a1a1d961df2_1.png,https://storage.yandexcloud.net/diffusion/0c8976aa5ac343e1b4eb5a1a1d961df2_2.png,https://storage.yandexcloud.net/diffusion/0c8976aa5ac343e1b4eb5a1a1d961df2_3.png,https://storage.yandexcloud.net/diffusion/7fc2761fe3bb44eaa4bf8219a63156ff_0.png,https://storage.yandexcloud.net/diffusion/7fc2761fe3bb44eaa4bf8219a63156ff_1.png,https://storage.yandexcloud.net/diffusion/7fc2761fe3bb44eaa4bf8219a63156ff_2.png,https://storage.yandexcloud.net/diffusion/7fc2761fe3bb44eaa4bf8219a63156ff_3.png,left
