keyword,cnt
highly detailed,6062
sharp focus,3942
concept art,3539
intricate,3240
artstation,2841
digital painting,2840
smooth,2599
elegant,2574
illustration,2300
cinematic lighting,2152
octane render,2090
trending on artstation,2049
8 k,1864
dramatic lighting,1322
cinematic,1253
volumetric lighting,1242
greg rutkowski,1118
unreal engine,1046
realistic,1029
4 k,952
digital art,942
sharp,941
unreal engine 5,879
pulp fiction,875
focus,792
hyper realistic,779
colorful background,745
vray,726
qled,720
finely detailed features,710
detailed,678
perfect art,627
trending on pixiv fanbox,627
beautiful,621
ominous,614
artgerm,608
peter mohrbacher,605
fantasy intricate elegant,599
studio lighting,599
craig mullins,592
photorealistic,581
digital airbrush,570
gaston bussiere,561
hyper realism,555
intricate details,553
sakimi chan,546
studio quality,545
magical illustration,540
ornate,540
matte painting,535
insanely detailed,527
wayne barlowe,526
atmospheric,515
by rossdraws,504
hypermaximalist,499
pop surrealist,498
boris vallejo,489
by james jean,478
frank franzzeta,470
mcbess,470
brosmind,470
steve simpson,470
krenz cushart,470
decadent,468
ilya kuvshinov,463
by kyoto animation,462
art by ruan jia and greg rutkowski,461
mucha fantasy art artifacts,460
hajime sorayama,456
aaron horkey,456
hyperrealistic,452
natural raw unreal tpose,448
akihiko yoshida,444
by greg rutkowski,438
ultra realistic,435
cosmic horror,416
ultra detailed,415
high detail,414
8k,386
studio ghibli,385
ray tracing,382
colorfully,372
photo realism,368
matte,361
intricate sharp details,335
dynamic compositiom,321
volumetric light,312
colorful,310
photorealism,308
ultra - detailed,308
hand coloured photo,306
high definition,303
concept art artgerm,298
natural lighting,297
collodion wet paint photo,296
4 k post - processing,291
oil painting,290
photoreal,289
old scratched photo,286
cgsociety,283
